[
  {
    "city": "Tabuk",
    "country": "Saudi Arabia",
    "code": "TUU"
  },
  {
    "city": "Taif",
    "country": "Saudi Arabia",
    "code": "TIF"
  },
  {
    "city": "Taipei",
    "country": "Taiwan",
    "code": "TPE"
  },
  {
    "city": "Taipei",
    "country": "Taiwan",
    "code": "TAY"
  },
  {
    "city": "Taiyuan",
    "country": "China",
    "code": "TYN"
  },
  {
    "city": "Takamatsu",
    "country": "Japan",
    "code": "TAK"
  },
  {
    "city": "Talkeetna",
    "state": "Alaska",
    "country": "USA",
    "code": "TKA"
  },
  {
    "city": "Tallahassee",
    "state": "Florida",
    "country": "USA",
    "code": "TLH"
  },
  {
    "city": "Tallinn",
    "country": "Estonia",
    "code": "QUF"
  },
  {
    "city": "Tallinn",
    "country": "Estonia",
    "code": "TLL"
  },
  {
    "city": "Tampa",
    "state": "Florida",
    "country": "USA",
    "code": "TPA"
  },
  {
    "city": "Tampere",
    "country": "Finland",
    "code": "TMP"
  },
  {
    "city": "Tampico",
    "country": "Mexico",
    "code": "TAM"
  },
  {
    "city": "Tamworth",
    "country": "Australia",
    "code": "TMW"
  },
  {
    "city": "Tangier",
    "country": "Morocco",
    "code": "TNG"
  },
  {
    "city": "Taree",
    "country": "Australia",
    "code": "TRO"
  },
  {
    "city": "Targovishte",
    "country": "Bulgaria",
    "code": "TGV"
  },
  {
    "city": "Tashkent",
    "country": "Uzbekistan",
    "code": "TAS"
  },
  {
    "city": "Tawau",
    "country": "Malaysia",
    "code": "TWU"
  },
  {
    "city": "Tbilisi",
    "country": "Georgia",
    "code": "TBS"
  },
  {
    "city": "Te Anau",
    "country": "New Zealand",
    "code": "TEU"
  },
  {
    "city": "Teesside",
    "country": "United Kingdom",
    "code": "MME"
  },
  {
    "city": "Tegucigalpa",
    "country": "Honduras",
    "code": "TGU"
  },
  {
    "city": "Tehran",
    "country": "Iran",
    "code": "THR"
  },
  {
    "city": "Tekirdag",
    "country": "Turkey",
    "code": "TEQ"
  },
  {
    "city": "Tel Aviv",
    "country": "Israel",
    "code": "TLV"
  },
  {
    "city": "Telluride",
    "state": "Colorado",
    "country": "USA",
    "code": "TEX"
  },
  {
    "city": "Temora",
    "country": "Australia",
    "code": "TEM"
  },
  {
    "city": "Tenerife",
    "country": "Spain",
    "code": "TCI"
  },
  {
    "city": "Tenerife",
    "country": "Spain",
    "code": "TFS"
  },
  {
    "city": "Tenerife",
    "country": "Spain",
    "code": "TFN"
  },
  {
    "city": "Tennant Creek",
    "country": "Australia",
    "code": "TCA"
  },
  {
    "city": "Terceira",
    "country": "Portugal",
    "code": "TER"
  },
  {
    "city": "Teresina",
    "country": "Brazil",
    "code": "THE"
  },
  {
    "city": "Termez",
    "country": "Uzbekistan",
    "code": "TMZ"
  },
  {
    "city": "Terrace",
    "country": "Canada",
    "code": "YXT"
  },
  {
    "city": "Terre Haute",
    "state": "Indiana",
    "country": "USA",
    "code": "HUF"
  },
  {
    "city": "Texarkana",
    "state": "Arkansas",
    "country": "USA",
    "code": "TXK"
  },
  {
    "city": "Thaba'Nchu",
    "country": "South Africa",
    "code": "TCU"
  },
  {
    "city": "The Pas",
    "country": "Canada",
    "code": "YQD"
  },
  {
    "city": "Thessaloniki",
    "country": "Greece",
    "code": "SKG"
  },
  {
    "city": "Thief River Falls",
    "state": "Minnesota",
    "country": "USA",
    "code": "TVF"
  },
  {
    "city": "Thira",
    "country": "Greece",
    "code": "JTR"
  },
  {
    "city": "Thiruvananthapuram",
    "country": "India",
    "code": "TRV"
  },
  {
    "city": "Thisted",
    "country": "Denmark",
    "code": "TED"
  },
  {
    "city": "Thompson",
    "country": "Canada",
    "code": "YTH"
  },
  {
    "city": "Thorne Bay",
    "state": "Alaska",
    "country": "USA",
    "code": "KTB"
  },
  {
    "city": "Thunder Bay",
    "country": "Canada",
    "code": "YQT"
  },
  {
    "city": "Thursday Island",
    "country": "Australia",
    "code": "TIS"
  },
  {
    "city": "Tianjin",
    "country": "China",
    "code": "TSN"
  },
  {
    "city": "Tijuana",
    "country": "Mexico",
    "code": "TIJ"
  },
  {
    "city": "Tioman",
    "country": "Indonesia",
    "code": "TOD"
  },
  {
    "city": "Tirana",
    "country": "Albania",
    "code": "TIA"
  },
  {
    "city": "Tiruchirapally",
    "country": "India",
    "code": "TRZ"
  },
  {
    "city": "Tivat",
    "country": "Montenegro",
    "code": "TIV"
  },
  {
    "city": "Tobago",
    "country": "Trinidad and Tobago",
    "code": "TAB"
  },
  {
    "city": "Tokushima",
    "country": "Japan",
    "code": "TKS"
  },
  {
    "city": "Tokyo",
    "country": "Japan",
    "code": "TYO"
  },
  {
    "city": "Tokyo",
    "country": "Japan",
    "code": "HND"
  },
  {
    "city": "Tokyo",
    "country": "Japan",
    "code": "NRT"
  },
  {
    "city": "Toledo",
    "state": "Ohio",
    "country": "USA",
    "code": "TOL"
  },
  {
    "city": "Tom Price",
    "country": "Australia",
    "code": "TPR"
  },
  {
    "city": "Toowoomba",
    "country": "Australia",
    "code": "TWB"
  },
  {
    "city": "Toronto",
    "country": "Canada",
    "code": "YTZ"
  },
  {
    "city": "Toronto",
    "country": "Canada",
    "code": "YYZ"
  },
  {
    "city": "Toronto",
    "country": "Canada",
    "code": "YTO"
  },
  {
    "city": "Tortola",
    "country": "British Virgin Islands",
    "code": "TOV"
  },
  {
    "city": "Touho",
    "country": "New Caledonia",
    "code": "TOU"
  },
  {
    "city": "Toulouse",
    "country": "France",
    "code": "TLS"
  },
  {
    "city": "Townsville",
    "country": "Australia",
    "code": "TSV"
  },
  {
    "city": "Toyama",
    "country": "Japan",
    "code": "TOY"
  },
  {
    "city": "Trabzon",
    "country": "Turkey",
    "code": "TZX"
  },
  {
    "city": "Trapani",
    "country": "Italy",
    "code": "TPS"
  },
  {
    "city": "Traverse City",
    "state": "Michigan",
    "country": "USA",
    "code": "TVC"
  },
  {
    "city": "Treasure Cay",
    "country": "Bahamas",
    "code": "TCB"
  },
  {
    "city": "Trenton/Princeton",
    "state": "New Jersey",
    "country": "USA",
    "code": "TTN"
  },
  {
    "city": "Treviso",
    "country": "Italy",
    "code": "TSF"
  },
  {
    "city": "Tri-Cities Regional",
    "state": "Tennessee",
    "country": "USA",
    "code": "TRI"
  },
  {
    "city": "Trieste",
    "country": "Italy",
    "code": "TRS"
  },
  {
    "city": "Tripoli",
    "country": "Libya",
    "code": "TIP"
  },
  {
    "city": "Tromsoe",
    "country": "Norway",
    "code": "TOS"
  },
  {
    "city": "Trondheim",
    "country": "Norway",
    "code": "TRD"
  },
  {
    "city": "Tsumeb",
    "country": "Namibia",
    "code": "TSB"
  },
  {
    "city": "Tucson",
    "state": "Arizona",
    "country": "USA",
    "code": "TUS"
  },
  {
    "city": "Tulepo",
    "state": "Mississippi",
    "country": "USA",
    "code": "TUP"
  },
  {
    "city": "Tulsa",
    "state": "Oklahoma",
    "country": "USA",
    "code": "TUL"
  },
  {
    "city": "Tunis",
    "country": "Tunisia",
    "code": "TUN"
  },
  {
    "city": "Turbat",
    "country": "Pakistan",
    "code": "TUK"
  },
  {
    "city": "Turin",
    "country": "Italy",
    "code": "TRN"
  },
  {
    "city": "Turku",
    "country": "Finland",
    "code": "TKU"
  },
  {
    "city": "Tuscaloosa",
    "state": "Alabama",
    "country": "USA",
    "code": "TCL"
  },
  {
    "city": "Tuxtla Gutierrez",
    "country": "Mexico",
    "code": "TGZ"
  },
  {
    "city": "Twin Falls",
    "state": "Idaho",
    "country": "USA",
    "code": "TWF"
  },
  {
    "city": "Tyler",
    "state": "Texas",
    "country": "USA",
    "code": "TYR"
  },
  {
    "city": "Ua Huka",
    "country": "French Polynesia",
    "code": "UAH"
  },
  {
    "city": "Ua Pou",
    "country": "French Polynesia",
    "code": "UAP"
  },
  {
    "city": "Ube",
    "country": "Japan",
    "code": "UBJ"
  },
  {
    "city": "Uberaba",
    "country": "Brazil",
    "code": "UBA"
  },
  {
    "city": "Uberlandia",
    "country": "Brazil",
    "code": "UDI"
  },
  {
    "city": "Ubon Ratchathani",
    "country": "Thailand",
    "code": "UBP"
  },
  {
    "city": "Udaipur",
    "country": "India",
    "code": "UDR"
  },
  {
    "city": "Uden",
    "country": "Netherlands",
    "code": "UDE"
  },
  {
    "city": "Udon Thani",
    "country": "Thailand",
    "code": "UTH"
  },
  {
    "city": "Ufa",
    "country": "Russia",
    "code": "UFA"
  },
  {
    "city": "Uherske Hradiste",
    "country": "Czech Republic",
    "code": "UHE"
  },
  {
    "city": "Uige",
    "country": "Angola",
    "code": "UGO"
  },
  {
    "city": "Ujung Pandang",
    "country": "Indonesia",
    "code": "UPG"
  },
  {
    "city": "Ukhta",
    "country": "Russia",
    "code": "UCT"
  },
  {
    "city": "Ukiah",
    "state": "California",
    "country": "USA",
    "code": "UKI"
  },
  {
    "city": "Ulaanbaatar",
    "country": "Mongolia",
    "code": "ULN"
  },
  {
    "city": "Ulan-Ude",
    "country": "Russia",
    "code": "UUD"
  },
  {
    "city": "Ulanhot",
    "country": "China",
    "code": "HLH"
  },
  {
    "city": "Ulei",
    "country": "Vanuatu",
    "code": "ULB"
  },
  {
    "city": "Ulsan",
    "country": "South Korea",
    "code": "USN"
  },
  {
    "city": "Ulundi",
    "country": "South Africa",
    "code": "ULD"
  },
  {
    "city": "Umea",
    "country": "Sweden",
    "code": "UME"
  },
  {
    "city": "Umiujaq",
    "country": "Canada",
    "code": "YUD"
  },
  {
    "city": "Umtata",
    "country": "South Africa",
    "code": "UTT"
  },
  {
    "city": "Unalakleet",
    "state": "Alaska",
    "country": "USA",
    "code": "UNK"
  },
  {
    "city": "Union Island",
    "country": "Saint Vincent and the Grenadines",
    "code": "UNI"
  },
  {
    "city": "Unst",
    "country": "United Kingdom",
    "code": "UNT"
  },
  {
    "city": "Upala",
    "country": "Costa Rica",
    "code": "UPL"
  },
  {
    "city": "Upernavik",
    "country": "Greenland",
    "code": "JUV"
  },
  {
    "city": "Upington",
    "country": "South Africa",
    "code": "UTN"
  },
  {
    "city": "Upolu Point",
    "state": "Hawaii",
    "country": "USA",
    "code": "UPP"
  },
  {
    "city": "Uranium City",
    "country": "Canada",
    "code": "YBE"
  },
  {
    "city": "Urgench",
    "country": "Uzbekistan",
    "code": "UGC"
  },
  {
    "city": "Uriman",
    "country": "Venezuela",
    "code": "URM"
  },
  {
    "city": "Urmiehm",
    "country": "Iran",
    "code": "OMH"
  },
  {
    "city": "Uruapan",
    "country": "Mexico",
    "code": "UPN"
  },
  {
    "city": "Urubupunga",
    "country": "Brazil",
    "code": "URB"
  },
  {
    "city": "Uruguaiana",
    "country": "Brazil",
    "code": "URG"
  },
  {
    "city": "Urumqi",
    "country": "China",
    "code": "URC"
  },
  {
    "city": "Uruzgan",
    "country": "Afghanistan",
    "code": "URZ"
  },
  {
    "city": "Ushuaia",
    "country": "Argentina",
    "code": "USH"
  },
  {
    "city": "Utapao",
    "country": "Thailand",
    "code": "UTP"
  },
  {
    "city": "Utica",
    "state": "New York",
    "country": "USA",
    "code": "UCA"
  },
  {
    "city": "Utila",
    "country": "Honduras",
    "code": "UII"
  },
  {
    "city": "Uummannaq",
    "country": "Greenland",
    "code": "UMD"
  },
  {
    "city": "Uzhgorod",
    "country": "Ukraine",
    "code": "UDJ"
  },
  {
    "city": "Vaasa",
    "country": "Finland",
    "code": "VAA"
  },
  {
    "city": "Vaexjoe",
    "country": "Sweden",
    "code": "VXO"
  },
  {
    "city": "Vail",
    "state": "Colorado",
    "country": "USA",
    "code": "EGE"
  },
  {
    "city": "Val d'Or",
    "country": "Canada",
    "code": "YVO"
  },
  {
    "city": "Valdez",
    "state": "Alaska",
    "country": "USA",
    "code": "VDZ"
  },
  {
    "city": "Valdosta",
    "state": "Georgia",
    "country": "USA",
    "code": "VLD"
  },
  {
    "city": "Valencia",
    "country": "Venezuela",
    "code": "VLN"
  },
  {
    "city": "Valladolid",
    "country": "Spain",
    "code": "VLL"
  },
  {
    "city": "Valparaiso",
    "country": "Chile",
    "code": "VAP"
  },
  {
    "city": "Valverde",
    "country": "Spain",
    "code": "VDE"
  },
  {
    "city": "Van",
    "country": "Turkey",
    "code": "VAN"
  },
  {
    "city": "Vancouver",
    "country": "Canada",
    "code": "YVR"
  },
  {
    "city": "Varadero",
    "country": "Cuba",
    "code": "VRA"
  },
  {
    "city": "Varanasi",
    "country": "India",
    "code": "VNS"
  },
  {
    "city": "Varkaus",
    "country": "Finland",
    "code": "VRK"
  },
  {
    "city": "Varna",
    "country": "Bulgaria",
    "code": "VAR"
  },
  {
    "city": "Vasteras",
    "country": "Sweden",
    "code": "VST"
  },
  {
    "city": "Velikiye Luki",
    "country": "Russia",
    "code": "VLU"
  },
  {
    "city": "Venice",
    "country": "Italy",
    "code": "VCE"
  },
  {
    "city": "Veracruz",
    "country": "Mexico",
    "code": "VER"
  },
  {
    "city": "Vernal",
    "state": "Utah",
    "country": "USA",
    "code": "VEL"
  },
  {
    "city": "Vero Beach",
    "state": "Florida",
    "country": "USA",
    "code": "VRB"
  },
  {
    "city": "Verona",
    "country": "Italy",
    "code": "VBS"
  },
  {
    "city": "Verona",
    "country": "Italy",
    "code": "VRN"
  },
  {
    "city": "Victoria",
    "country": "Canada",
    "code": "YYJ"
  },
  {
    "city": "Victoria Falls",
    "country": "Zimbabwe",
    "code": "VFA"
  },
  {
    "city": "Vidin",
    "country": "Bulgaria",
    "code": "VID"
  },
  {
    "city": "Vientiane",
    "country": "Lao PDR",
    "code": "VTE"
  },
  {
    "city": "Vigo",
    "country": "Spain",
    "code": "VGO"
  },
  {
    "city": "Villahermosa",
    "country": "Mexico",
    "code": "VSA"
  },
  {
    "city": "Vilnius",
    "country": "Lithuania",
    "code": "VNO"
  },
  {
    "city": "Virgin Gorda",
    "country": "Virgin Islands",
    "code": "VIJ"
  },
  {
    "city": "Visalia",
    "state": "California",
    "country": "USA",
    "code": "VIS"
  },
  {
    "city": "Visby",
    "country": "Sweden",
    "code": "VBY"
  },
  {
    "city": "Vitoria",
    "country": "Spain",
    "code": "VIT"
  },
  {
    "city": "Vitoria",
    "country": "Brazil",
    "code": "VIX"
  },
  {
    "city": "Vryheid",
    "country": "South Africa",
    "code": "VYD"
  },
  {
    "city": "Wabush",
    "country": "Canada",
    "code": "YWK"
  },
  {
    "city": "Waco",
    "state": "Texas",
    "country": "USA",
    "code": "ACT"
  },
  {
    "city": "Wagga",
    "country": "Australia",
    "code": "WGA"
  },
  {
    "city": "Walla Walla",
    "state": "Washington",
    "country": "USA",
    "code": "ALW"
  },
  {
    "city": "Wallis",
    "country": "Wallis and Futuna Islands",
    "code": "WLS"
  },
  {
    "city": "Walvis Bay",
    "country": "South Africa",
    "code": "WVB"
  },
  {
    "city": "Warrnambool",
    "country": "Australia",
    "code": "WMB"
  },
  {
    "city": "Warsaw",
    "country": "Poland",
    "code": "WAW"
  },
  {
    "city": "Washington DC",
    "state": "Maryland",
    "country": "USA",
    "code": "BWI"
  },
  {
    "city": "Washington DC",
    "state": "Virginia",
    "country": "USA",
    "code": "IAD"
  },
  {
    "city": "Washington DC",
    "state": "District of Columbia",
    "country": "USA",
    "code": "DCA"
  },
  {
    "city": "Washington DC",
    "state": "District of Columbia",
    "country": "USA",
    "code": "WAS"
  },
  {
    "city": "Waterloo",
    "state": "Iowa",
    "country": "USA",
    "code": "ALO"
  },
  {
    "city": "Watertown",
    "state": "South Dakota",
    "country": "USA",
    "code": "ATY"
  },
  {
    "city": "Wausau",
    "state": "Wisconsin",
    "country": "USA",
    "code": "CWA"
  },
  {
    "city": "Weipa",
    "country": "Australia",
    "code": "WEI"
  },
  {
    "city": "Welkom",
    "country": "South Africa",
    "code": "WEL"
  },
  {
    "city": "Wellington",
    "country": "New Zealand",
    "code": "WLG"
  },
  {
    "city": "Wenatchee",
    "state": "Washington",
    "country": "USA",
    "code": "EAT"
  },
  {
    "city": "West Palm Beach",
    "state": "Florida",
    "country": "USA",
    "code": "PBI"
  },
  {
    "city": "West Yellowstone",
    "state": "Montana",
    "country": "USA",
    "code": "WYS"
  },
  {
    "city": "Westerland",
    "country": "Germany",
    "code": "GWT"
  },
  {
    "city": "Whakatane",
    "country": "New Zealand",
    "code": "WHK"
  },
  {
    "city": "Whale Cove",
    "country": "Canada",
    "code": "YXN"
  },
  {
    "city": "Whangarei",
    "country": "New Zealand",
    "code": "WRE"
  },
  {
    "city": "White Plains",
    "state": "New York",
    "country": "USA",
    "code": "HPN"
  },
  {
    "city": "Whitehorse",
    "country": "Canada",
    "code": "YXY"
  },
  {
    "city": "Whitsunday Resort",
    "country": "Australia",
    "code": "HAP"
  },
  {
    "city": "Whyalla",
    "country": "Australia",
    "code": "WYA"
  },
  {
    "city": "Wichita Falls",
    "state": "Texas",
    "country": "USA",
    "code": "SPS"
  },
  {
    "city": "Wichita",
    "state": "Kansas",
    "country": "USA",
    "code": "ICT"
  },
  {
    "city": "Wick",
    "country": "United Kingdom",
    "code": "WIC"
  },
  {
    "city": "Wickham",
    "country": "Australia",
    "code": "WHM"
  },
  {
    "city": "Vienna",
    "country": "Austria",
    "code": "VIE"
  },
  {
    "city": "Wiesbaden",
    "country": "Germany",
    "code": "WIE"
  },
  {
    "city": "Wilkes Barre",
    "state": "Pennsylvania",
    "country": "USA",
    "code": "AVP"
  },
  {
    "city": "Williamsport",
    "state": "Pennsylvania",
    "country": "USA",
    "code": "IPT"
  },
  {
    "city": "Williston",
    "state": "North Dakota",
    "country": "USA",
    "code": "ISL"
  },
  {
    "city": "Wilmington",
    "state": "North Carolina",
    "country": "USA",
    "code": "ILM"
  },
  {
    "city": "Wilna",
    "country": "Lithuania",
    "code": "VNO"
  },
  {
    "city": "Wiluna",
    "country": "Australia",
    "code": "WUN"
  },
  {
    "city": "Windhoek",
    "country": "Namibia",
    "code": "ERS"
  },
  {
    "city": "Windhoek",
    "country": "Namibia",
    "code": "WDH"
  },
  {
    "city": "Windsor",
    "country": "Canada",
    "code": "YQG"
  },
  {
    "city": "Winnipeg",
    "country": "Canada",
    "code": "YWG"
  },
  {
    "city": "Wolf Point",
    "state": "Montana",
    "country": "USA",
    "code": "OLF"
  },
  {
    "city": "Wollongong",
    "country": "Australia",
    "code": "WOL"
  },
  {
    "city": "Woomera",
    "country": "Australia",
    "code": "UMR"
  },
  {
    "city": "Worcester",
    "state": "Massachusetts",
    "country": "USA",
    "code": "ORH"
  },
  {
    "city": "Worland",
    "state": "Wyoming",
    "country": "USA",
    "code": "WRL"
  },
  {
    "city": "Wrangell",
    "state": "Alaska",
    "country": "USA",
    "code": "WRG"
  },
  {
    "city": "Wuhan",
    "country": "China",
    "code": "WUH"
  },
  {
    "city": "Wyndham",
    "country": "Australia",
    "code": "WYN"
  },

  {
    "city": "Xiamen",
    "country": "China",
    "code": "XMN"
  },
  {
    "city": "Xi'an",
    "country": "China",
    "code": "XIY"
  },
  {
    "city": "Yakima",
    "state": "Washington",
    "country": "USA",
    "code": "YKM"
  },
  {
    "city": "Yakutat",
    "state": "Alaska",
    "country": "USA",
    "code": "YAK"
  },
  {
    "city": "Yakutsk",
    "country": "Russia",
    "code": "YKS"
  },
  {
    "city": "Yamagata",
    "country": "Japan",
    "code": "GAJ"
  },
  {
    "city": "Yamoussoukro",
    "country": "Côte d'Ivoire",
    "code": "ASK"
  },
  {
    "city": "Yanbu",
    "country": "Saudi Arabia",
    "code": "YNB"
  },
  {
    "city": "Yangon",
    "country": "Myanmar",
    "code": "RGN"
  },
  {
    "city": "Yaounde",
    "country": "Cameroon",
    "code": "YAO"
  },
  {
    "city": "Yellowknife",
    "country": "Canada",
    "code": "YZF"
  },
  {
    "city": "Yekaterinburg",
    "country": "Russia",
    "code": "SVX"
  },
  {
    "city": "Yichang",
    "country": "China",
    "code": "YIH"
  },
  {
    "city": "Yokohama",
    "country": "Japan",
    "code": "YOK"
  },
  {
    "city": "Yuma",
    "state": "Arizona",
    "country": "USA",
    "code": "YUM"
  },
  {
    "city": "Zacatecas",
    "country": "Mexico",
    "code": "ZCL"
  },
  {
    "city": "Zadar",
    "country": "Croatia",
    "code": "ZAD"
  },
  {
    "city": "Zagreb",
    "country": "Croatia",
    "code": "ZAG"
  },
  {
    "city": "Zakynthos",
    "country": "Greece",
    "code": "ZTH"
  },
  {
    "city": "Zaragoza",
    "country": "Spain",
    "code": "ZAZ"
  },
  {
    "city": "Zhob",
    "country": "Pakistan",
    "code": "PZH"
  },
  {
    "city": "Zinder",
    "country": "Niger",
    "code": "ZND"
  },
  {
    "city": "Zouerate",
    "country": "Mauritania",
    "code": "OUZ"
  },
  {
    "city": "Zurich",
    "country": "Switzerland",
    "code": "ZRH"
  }
]
